section,n,t,run,master_total_sec,slowest_slave_sec,fastest_slave_sec
LOCAL_NONCA,100,2,1,0.001282,0.000508,0.000504
LOCAL_NONCA,100,4,1,0.001610,0.000313,0.000252
LOCAL_NONCA,200,2,1,0.005488,0.004337,0.004313
LOCAL_NONCA,200,4,1,0.004002,0.002240,0.002181
LOCAL_CA,100,2,1,0.001280,0.000505,0.000504
LOCAL_CA,100,4,1,0.001597,0.000308,0.000259
LOCAL_CA,200,2,1,0.005586,0.004350,0.004324
LOCAL_CA,200,4,1,0.003862,0.002302,0.002171
